{
    "metrics": {
        "http_req_receiving": {
            "p(90)": 13.466744200000013,
            "p(95)": 66.60443764999978,
            "avg": 24.85733516956968,
            "min": 0.022843,
            "med": 0.2458435,
            "max": 3370.386087
        },
        "http_req_blocked": {
            "avg": 14.870556106045088,
            "min": 0.000112,
            "med": 0.000764,
            "max": 3649.144295,
            "p(90)": 0.001278,
            "p(95)": 67.29322374999985
        },
        "http_req_tls_handshaking": {
            "min": 0,
            "med": 0,
            "max": 3385.291222,
            "p(90)": 0,
            "p(95)": 34.456817499999985,
            "avg": 8.475499460553278
        },
        "http_req_sending": {
            "avg": 0.11070247515368874,
            "min": 0.016226,
            "med": 0.10132450000000001,
            "max": 9.988215,
            "p(90)": 0.1784144,
            "p(95)": 0.2087557
        },
        "iterations": {
            "count": 3904,
            "rate": 84.86475264427223
        },
        "http_req_connecting": {
            "max": 1212.31584,
            "p(90)": 0,
            "p(95)": 25.707138949999948,
            "avg": 6.37400720517418,
            "min": 0,
            "med": 0
        },
        "http_req_failed": {
            "passes": 3904,
            "fails": 0,
            "value": 1
        },
        "checks": {
            "passes": 0,
            "fails": 3904,
            "value": 0
        },
        "http_req_waiting": {
            "max": 2261.336098,
            "p(90)": 219.8712843,
            "p(95)": 230.64427965,
            "avg": 138.29769641777668,
            "min": 28.786723,
            "med": 84.8169345
        },
        "data_sent": {
            "rate": 19997.58335356671,
            "count": 919941
        },
        "http_reqs": {
            "count": 3904,
            "rate": 84.86475264427223
        },
        "vus": {
            "value": 1,
            "min": 1,
            "max": 199
        },
        "http_req_duration": {
            "min": 29.975959,
            "med": 98.23880399999999,
            "max": 4076.01998,
            "p(90)": 227.5076941,
            "p(95)": 292.93912084999994,
            "avg": 163.26573406250023
        },
        "vus_max": {
            "value": 200,
            "min": 200,
            "max": 200
        },
        "data_received": {
            "count": 29457810,
            "rate": 640350.8604231478
        },
        "iteration_duration": {
            "min": 1030.593639,
            "med": 1115.3645185,
            "max": 5077.140728,
            "p(90)": 1234.7072742999999,
            "p(95)": 1593.9551585999998,
            "avg": 1179.0906468130154
        }
    },
    "root_group": {
        "name": "",
        "path": "",
        "id": "d41d8cd98f00b204e9800998ecf8427e",
        "groups": {},
        "checks": {
                "created": {
                    "name": "created",
                    "path": "::created",
                    "id": "e26a6144a84abb127f65c1e5808b420c",
                    "passes": 0,
                    "fails": 3904
                }
            }
    }
}